Title,Price,Location,Size,Bedroom
Maytower KL City,RM 1 500 per month,KL City,493 sq.ft.,1 Bedroom
"Furnished Impiana Sky Residency , Bukit Jalil Pavilion",RM 1 600 per month,Bukit Jalil,850 sq.ft.,3 Bedrooms
"Apartment Cendana , Bandar Sri Permaisuri Cheras KL - dekat HUKM",RM 1 000 per month,Cheras,650 sq.ft.,2 Bedrooms
"Maxim Majestic READY TO MOVE IN NEAR MRT TAMAN CONNAUGHT,UCSI",RM 1 350 per month,Cheras,819 sq.ft.,3 Bedrooms
Majestic Maxim 2 Rooms In Taman Connaught Cheras For Rent,RM 1 400 per month,Cheras,650 sq.ft.,2 Bedrooms
"1st Floor, Winner Heights Condominium, Desa Petaling, Height",RM 950 per month,Desa Petaling,830 sq.ft.,3 Bedrooms
Flat Sentul Utama Untuk Disewa,RM 900 per month,Sentul,678 sq.ft.,3 Bedrooms
Casa Green Bukit Jalil | 4R2B | Fully Furnish,RM 1 900 per month,Bukit Jalil,930 sq.ft.,4 Bedrooms
Bukit Jalil Jalilmas Residence,RM 1 100 per month,Bukit Jalil,800 sq.ft.,3 Bedrooms
Sentul Point|Fully Furnished Unit|KLCC View|2R2B|Rent|Move in ASAP,RM 1 900 per month,Sentul,743 sq.ft.,2 Bedrooms
Seri Puteri Condo Taman Ikan Emas Cheras KL,RM 1 500 per month,Cheras,1010 sq.ft.,3 Bedrooms
For Rent - Prisma Cheras Taman Midah,RM 1 800 per month,Cheras,1072 sq.ft.,2 Bedrooms
Zero Deposit Fully Furnished Condo Dato Keramat Chymes Gurney KLCC,RM 1 900 per month,Keramat,700 sq.ft.,2 Bedrooms
Idaman Residence KLCC Kuala Lumpur,RM 3 500 per month,KLCC,929 sq.ft.,2 Bedrooms
Verve Suites Mont Kiara for Rent,RM 2 800 per month,Sri Hartamas,861 sq.ft.,2 Bedrooms
PPA1M Bukit Jalil | Fully Furnish | 4R2B | Middle Flr | Walking To LRT,RM 1 650 per month,Bukit Jalil,1450 sq.ft.,4 Bedrooms
Teratai mewah Apartment Setapak Below Market Price,RM 900 per month,Setapak,700 sq.ft.,3 Bedrooms
Zen suites @ zetapark,RM 1 600 per month,Setapak,618 sq.ft.,1 Bedroom
Fully Furnished Room &FREE WIFI @ Mont Kiara,RM 2 200 per month,Mont Kiara,1016 sq.ft.,1 Bedroom
Apartment Bukit Jalil keluasan 1434 sqft 4R2B Walking distance to LRT,RM 1 800 per month,Bukit Jalil,1434 sq.ft.,4 Bedrooms
Flat PKNS AU3 2room 1bath di Keramat KL neaby Aeon Mall AU,RM 750 per month,Keramat,600 sq.ft.,2 Bedrooms
For Rent Fully Furnished Residensi Rampai,RM 1 800 per month,Setapak,850 sq.ft.,3 Bedrooms
Prisma Cheras one bedroom MRT,RM 1 000 per month,Cheras,717 sq.ft.,1 Bedroom
"PV18 residence near MC Donald , StarbucK and TARUMT",RM 1 700 per month,Setapak,1300 sq.ft.,3 Bedrooms
Prisma Cheras one bedroom unit,RM 1 200 per month,Cheras,717 sq.ft.,1 Bedroom
[2 Car Park/Full Grille] Platinum Teratai Residensi Prima Setapak,RM 1 499 per month,Setapak,928 sq.ft.,3 Bedrooms
Apartment Melur Sentul Berhadapan LRT,RM 1 400 per month,Sentul,1000 sq.ft.,3 Bedrooms
Apartment Melur Sentul Berhadapan LRT,RM 1 400 per month,Sentul,1000 sq.ft.,3 Bedrooms
Camellia Serviced Suites Bangsar South for rental,RM 2 400 per month,Bangsar South,638 sq.ft.,1 Bedroom
Pantai Hillpark phase 5 bangsar south,RM 2 300 per month,Bangsar South,1100 sq.ft.,3 Bedrooms
PV9 residence near TARUMT & Putra LRT Station Taman Melati,RM 1 700 per month,Setapak,1050 sq.ft.,3 Bedrooms
"ZERO DEPOSIT - Ooak, Mont Kiara Perabot dan Fasiliti Lengkap",RM 1 300 per month,Mont Kiara,600 sq.ft.,1 Bedroom
"[2 Car Park/Full Grille] Sky Awani Sentul Perdana, Kg Batu Muda",RM 1 100 per month,Sentul,800 sq.ft.,3 Bedrooms
Flat PKNS AU3 2room 1bath di Keramat KL neaby Aeon Mall AU,RM 750 per month,Ampang,600 sq.ft.,2 Bedrooms
(RENO KITCHEN) Cendana Apartment Bandar Sri Permaisuri HUKM Near LRT,RM 950 per month,Cheras,650 sq.ft.,3 Bedrooms
Nusa Mewah Villa Condo (FULLY FURNISHED 2 CAR PARKs) Taman Muda Ampang,RM 1 600 per month,Cheras,865 sq.ft.,3 Bedrooms
Residency V Old Klang Road Pearl Point (FULLY FURNISH) Kuchai Lama OUG,RM 2 400 per month,Old Klang Road,909 sq.ft.,3 Bedrooms
RUMAH CANTIK Villa Pawana Condominium Keramat KL near LRT Dato Keramat,RM 2 000 per month,Keramat,1280 sq.ft.,3 Bedrooms
Impiana Sky Residensi @ Bukit Jalil [Best-Unit] [Well-Kept],RM 1 100 per month,Bukit Jalil,850 sq.ft.,3 Bedrooms
Pavilion hilltop FULLY FURNISH mont kiara Publika dutamas KL,RM 4 399 per month,Mont Kiara,1200 sq.ft.,3 Bedrooms
"The Orion Condo, next to IJN, near MRT2 Station, Jalan Tun Razak KLCC",RM 3 000 per month,City Centre,1323 sq.ft.,3 Bedrooms
Viva Residency Fully Furnished Walking Distance MRT Jln Ipoh,RM 1 800 per month,Jalan Ipoh,840 sq.ft.,2 Bedrooms
Residensi Pandan Mas 2 Condo Fully Furnished Kg Pandan,RM 1 800 per month,Desa Pandan,950 sq.ft.,3 Bedrooms
[Must View] Z Residence Condo near LRT and Pavillion Bukit Jalil,RM 1 500 per month,Bukit Jalil,1236 sq.ft.,3 Bedrooms
FULLY FURNISHED PPAM @ Bukit Jalil,RM 1 800 per month,Bukit Jalil,1434 sq.ft.,4 Bedrooms
Mh Platinum Setapak Gombak Below Market Price,RM 1 600 per month,Setapak,700 sq.ft.,2 Bedrooms
Seri Mas Condo Cheras Bandar Sri Permaisuri,RM 1 300 per month,Cheras,860 sq.ft.,3 Bedrooms
FULLY FURNISHED Residensi Platinum Teratai for Rent,RM 2 000 per month,Setapak,928 sq.ft.,3 Bedrooms
Vista Komanwel C Condo Bukit Jalil 6R3B Fully IMU APU Sri Petaling LRT,RM 1 900 per month,Bukit Jalil,1400 sq.ft.,6 Bedrooms
PPA1M Condo Bukit JaliI Sri Petaling (1434sf 4 Room FULLY FURNISH),RM 1 800 per month,Bukit Jalil,1434 sq.ft.,4 Bedrooms
"PV9, Setapak. Beside TARUC, Walking Dist. to Tmn Melati LRT. BEST DEAL",RM 1 800 per month,Setapak,1000 sq.ft.,3 Bedrooms
"PV2 Large Unit, Setapak w Aconds, 2CP, Kitchen Cabinet.Best Deal! PV 2",RM 1 900 per month,Setapak,1500 sq.ft.,3 Bedrooms
Berlian Residence @ Setapak. Best Deal! Hurry! Don't miss it.,RM 1 500 per month,Setapak,900 sq.ft.,3 Bedrooms
Berlian Setapak Residence. Best Deal! Hurry! Don't miss it.,RM 1 300 per month,Setapak,900 sq.ft.,2 Bedrooms
"Bangsar Puteri, Bangsar, Fully-Furnished. Hurry! Don't miss it!",RM 2 500 per month,Bangsar,1100 sq.ft.,2 Bedrooms
"Villa U-Thant, Ampang Hilir. BEST DEAL! Hurry! Don't miss it",RM 2 900 per month,Ampang,2500 sq.ft.,4 Bedrooms
PV15 Studio @ Setapak. Free Water & Elec Charges. Best Deal!,RM 750 per month,Setapak,350 sq.ft.,1 Bedroom
Residensi Suria Pantai,RM 1 500 per month,Pantai,810 sq.ft.,3 Bedrooms
"Setapak Green condo, Setapak, Kuala Lumpur",RM 1 850 per month,Setapak,1588 sq.ft.,3 Bedrooms
M Centura Residence Sentul Kuala Lumpur,RM 1 600 per month,Sentul,850 sq.ft.,3 Bedrooms
"Fully Furnished, Sentul Point for Rent",RM 2 400 per month,Sentul,1000 sq.ft.,3 Bedrooms
D'Alamanda Condo Walking Distance MRT Maluri Station 2 Bedroom + 1Bath,RM 1 400 per month,Cheras,695 sq.ft.,2 Bedrooms
Vista Langkawi (PV18) @ Setapak ( Actual Picture ),RM 1 500 per month,Setapak,927 sq.ft.,3 Bedrooms
"TR Residence F/Furnished Jalan Pahang, Titiwangsa, ID Design 2 Bedroom",RM 2 500 per month,Titiwangsa,710 sq.ft.,2 Bedrooms
"Platinum OUG, Bukit OUG, LRT Muhibbah (1200sf FULLY FURNISH)",RM 1 800 per month,Kuchai Lama,1200 sq.ft.,3 Bedrooms
"Condominium Casa Idaman, Kg Batu Muda, KL",RM 1 500 per month,Jalan Ipoh,1047 sq.ft.,3 Bedrooms
Angkasa Condo Taman Connaught Cheras 3R2B1C Fully UCSI (Cheapest),RM 1 500 per month,Cheras,1000 sq.ft.,3 Bedrooms
Pangsapuri Tulin Jalan Klang Lama Partially Furnished,RM 1 000 per month,Old Klang Road,800 sq.ft.,3 Bedrooms
[CHEAP!!! STUDIO UNIT] Fully Furnished Pertama Residency in Cheras,RM 1 400 per month,Cheras,700 sq.ft.,1 Bedroom
FULLY FURNISHED Centrio Pantai Hillpark,RM 2 350 per month,Pantai,870 sq.ft.,1 Bedroom
Platinum OUG Residence Condo Bukit Jalil Near LRT Fully FUrnished,RM 1 700 per month,Kuchai Lama,1200 sq.ft.,3 Bedrooms
[FULLY FURNISHED BALINESE STYLE] Sri Putramas1 Jalan Kuching,RM 1 900 per month,Jalan Kuching,1150 sq.ft.,3 Bedrooms
Majestic Maxim Cheras New Condo MRT Taman Connaught Len Seng Sentral,RM 1 399 per month,Cheras,650 sq.ft.,2 Bedrooms
Midah Ria Condo Taman Midah Cheras Hukm,RM 1 350 per month,Cheras,962 sq.ft.,3 Bedrooms
Seri Mas Condo Tmn Tenaga Cheras Near Tasik Permaisuri Half Furnished,RM 1 300 per month,Cheras,865 sq.ft.,3 Bedrooms
"Faber Heights Condo Taman Desa, 2 Car Parks, Very Nice Fully Furnished",RM 1 999 per month,Taman Desa,1200 sq.ft.,3 Bedrooms
"38 Bidara Condo, Bukit Bintang (Next to Pavilion)",RM 2 100 per month,KLCC,706 sq.ft.,2 Bedrooms
Perdana Villa Duplex Apartment With Half Furnished,RM 1 200 per month,Cheras,860 sq.ft.,3 Bedrooms
The Fennel Sentul Condo,RM 2 600 per month,Sentul,1237 sq.ft.,3 Bedrooms
"Mentari Condo, 3r2b Nice Fully Furnished, Near HUKM, Permaisuri Cheras",RM 1 700 per month,Cheras,1025 sq.ft.,3 Bedrooms
"Laman Tasik Condo 4 Rooms for Rent, Cheras",RM 2 000 per month,Cheras,1280 sq.ft.,4 Bedrooms
BRAND NEW Majestic Maxim FEW UNITS AVAILABLE - Ready to Move In,RM 1 200 per month,Cheras,670 sq.ft.,2 Bedrooms
Old Klang Road Bangsar Taman Desa Bukit Jalil Kuchai Lama Midvalley,RM 1 600 per month,Seputeh,505 sq.ft.,1 Bedroom
Trinity Aquata Sungai Besi Kuchai Lama Taman Desa Sri Petaling,RM 1 900 per month,Sungai Besi,839 sq.ft.,3 Bedrooms
Vista Amani Condo Suasana Lumayan Bandar Sri Permaisuri Astana Cheras,RM 1 500 per month,Cheras,1101 sq.ft.,4 Bedrooms
NEGOTIABLE Vista Amani Condo Mentari Bandar Sri Permaisuri Cheras,RM 1 500 per month,Cheras,1101 sq.ft.,4 Bedrooms
Royal Regent Sri Putramas 3 Iii Condo Apartment Dutamas Publika Kl Cit,RM 2 000 per month,Jalan Kuching,1590 sq.ft.,3 Bedrooms
Desa Green Taman Desa Kuala Lumpur Cheras near Mid Valley Kuchai Lama,RM 1 700 per month,Taman Desa,935 sq.ft.,3 Bedrooms
Ativo Suites Bandar Sri Damansara (RENOVATED F/F MID FLOOR POOL VIEW),RM 2 600 per month,Sri Damansara,607 sq.ft.,1 Bedroom
Ohako Puchong Jaya 3R2B2CP F/F Koi Kinrara Sunway Subang Jaya Taylor,RM 2 300 per month,Puchong,1002 sq.ft.,3 Bedrooms
Endah Regal Condo for rent,RM 1 500 per month,Sri Petaling,1141 sq.ft.,3 Bedrooms
Sentul Village (Fully renovated),RM 1 650 per month,Sentul,948 sq.ft.,2 Bedrooms
New Fully Furnished Tiara Ampang Condo next to M City and Ampang Point,RM 2 000 per month,Ampang,1118 sq.ft.,3 Bedrooms
Marc Residence Studio KLCC,RM 2 300 per month,KLCC,500 sq.ft.,1 Bedroom
TAMAN MELATI ground floor 2r1b flat_near LRT 5min_avai feb_wangsaMAJU,RM 1 000 per month,Setapak,500 sq.ft.,2 Bedrooms
"Cheras Taman Kobena, Pudu Impian 1 Apartment With Security (Renovated)",RM 910 per month,Cheras,667 sq.ft.,3 Bedrooms
Desa Green Taman Desa Kuchai lama Cheras Old Klang Road Bangsar,RM 1 750 per month,Taman Desa,715 sq.ft.,2 Bedrooms
Central Residence Sungai Besi Old Klang Road Kuchai Lama Taman Desa,RM 1 800 per month,Sungai Besi,1090 sq.ft.,3 Bedrooms
Central Residence Sungai Besi Old Klang Road Kuchai Lama Taman Desa,RM 1 800 per month,Sungai Besi,1090 sq.ft.,3 Bedrooms
Southbank Kuchai Lama Midvalley bangsar Taman desa Sunway,RM 2 000 per month,Old Klang Road,785 sq.ft.,2 Bedrooms
28 BLVD Boulevard Cheras Studio Pandan Perdana MRT LRT Maluri Jaya KL,RM 1 699 per month,Pandan Perdana,450 sq.ft.,1 Bedroom
Clean and New Unit @ Residensi KepongMAs,RM 1 100 per month,Kepong,800 sq.ft.,3 Bedrooms
Bandar Sri Damansara Foresta Condo Fully Furnished Penthouse Kl,RM 4 000 per month,Sri Damansara,3150 sq.ft.,4 Bedrooms
Bandar Sri Damansara Foresta Condo Quality Fully Furnished ,RM 2 600 per month,Sri Damansara,1610 sq.ft.,3 Bedrooms
DC Residensi @ Damansara Height Fully Furnished with Large Balcony,RM 5 800 per month,Damansara Heights,1152 sq.ft.,2 Bedrooms
Novum Bangsar South (Fully furnished) ((1376 sq ft)),RM 4 876 per month,Bangsar South,1375 sq.ft.,3 Bedrooms
Residensi harmoni 2 (RENO) Segambut,RM 2 888 per month,Segambut,1500 sq.ft.,3 Bedrooms
Kiara 9 Residency duplex,RM 7 500 per month,Mont Kiara,2960 sq.ft.,3 Bedrooms
Splendor Semarak KLCC Keramat 3R2B Partly Furnish KLCC View MINDEF UTC,RM 1 600 per month,Keramat,926 sq.ft.,3 Bedrooms
PPA1M Bukit Jalil Fully Furnished Walking distance to LRT,RM 1 700 per month,Bukit Jalil,1434 sq.ft.,4 Bedrooms
Scott Garden Old Klang Nearw Mid Valley Bangsar South Cheapest,RM 1 300 per month,Old Klang Road,775 sq.ft.,1 Bedroom
Residensi Jalilmas Bukit Jalil LRT Awan Besar near Pavillion 2,RM 1 200 per month,Bukit Jalil,800 sq.ft.,3 Bedrooms
Majestic Maxim Condo Taman Connaught Cheras New Condo,RM 1 600 per month,Cheras,670 sq.ft.,2 Bedrooms
Residency V Old Klang Road OKR OUG Mid Valley Kuala Lumpur,RM 2 200 per month,Old Klang Road,909 sq.ft.,3 Bedrooms
PPR Seri Malaysia Desa Petaling Cheapest,RM 1 000 per month,Desa Petaling,650 sq.ft.,3 Bedrooms
KEP Apartment Kuchai Entrepreneurs Park Kuchai Lama MRT,RM 1 500 per month,Kuchai Lama,932 sq.ft.,3 Bedrooms
Winner Court A Condo Desa Petaling Near Kuchai Lama Cheapest,RM 1 000 per month,Desa Petaling,765 sq.ft.,3 Bedrooms
"Verve Suite, Sri Hartamas, near Mont Kiara 2R2B Premium Furnished",RM 2 798 per month,Sri Hartamas,900 sq.ft.,2 Bedrooms
Regalia Condo Jalan Sultan Ismail Kuala Lumpur Cheapest,RM 1 600 per month,Jalan Sultan Ismail,600 sq.ft.,1 Bedroom
Splendor Semarak 4R2B Partly Furnish Kitchen Cab Aircond Prefer Female,RM 1 900 per month,Keramat,1065 sq.ft.,4 Bedrooms
Splendor Semarak KLCC Keramat AZRB Megan Avenue Plaza OSK Menara HLX,RM 1 799 per month,Keramat,1065 sq.ft.,3 Bedrooms
Wangsa Maju Flat Seksyen 1 For Rent,RM 950 per month,Wangsa Maju,700 sq.ft.,2 Bedrooms
Three28 Tun Razak Kuala Lumpur 2R2B F/F KLCC Hamsphire Intermark,RM 3 400 per month,KLCC,1055 sq.ft.,2 Bedrooms
"Ascenda Residence [ Actual Unit, 2 Parking ] Ready Move In",RM 1 800 per month,Setapak,1200 sq.ft.,3 Bedrooms
Ketumbar Height Taman Cheras Yulek Near Leisure mall Ekocheras Cheaper,RM 1 400 per month,Cheras,755 sq.ft.,3 Bedrooms
Platinum Old Klang Road Bukit jalil Taman Desa Kuchai Lama Midvalley,RM 1 500 per month,Kuchai Lama,850 sq.ft.,3 Bedrooms
Old Klang Road Bangsar Taman Desa Sunway Kuchai Lama Midvalley Pj,RM 1 700 per month,Old Klang Road,872 sq.ft.,1 Bedroom
Desa Green Taman Desa Kuala Lumpur Cheras Old Klang Road Bangsar,RM 1 400 per month,Taman Desa,715 sq.ft.,3 Bedrooms
Old Klang Road Bangsar Taman Desa Sunway Kuchai Lama Midvalley Pj,RM 1 300 per month,Old Klang Road,775 sq.ft.,1 Bedroom
Platinum OUG Kuchai Lama,RM 1 300 per month,Kuchai Lama,850 sq.ft.,3 Bedrooms
The Hamstead Condo Desa Tun Razak KL KLCC view,RM 1 700 per month,Cheras,950 sq.ft.,3 Bedrooms
Desa Green Taman Desa Cheras Old Klang Road Bangsar kuchai puhu,RM 1 700 per month,Taman Desa,935 sq.ft.,3 Bedrooms
"Iris Apartment, Old Klang Road, Taman Desa",RM 850 per month,Taman Desa,600 sq.ft.,2 Bedrooms
"Casa Idaman, Jalan Ipoh nx to MRT Sentul Balcony facing KLCC view",RM 1 500 per month,Jalan Ipoh,1050 sq.ft.,3 Bedrooms
"Aston Kiara 3, [FULLY FURNISH+GOOD DEAL], Jalan Kiara 3, Mont Kiara",RM 2 400 per month,Mont Kiara,1518 sq.ft.,3 Bedrooms
Mentari Condo For Rent @ Cheras,RM 1 700 per month,Cheras,1025 sq.ft.,3 Bedrooms
"Megan Embassy F/Furnished Jalan Ampang, Ampang Hilir, Holiday Inn",RM 1 700 per month,Ampang Hilir,900 sq.ft.,2 Bedrooms
Apartmen PPAM Bukit Jalil untuk disewa,RM 1 600 per month,Bukit Jalil,1000 sq.ft.,3 Bedrooms
Royal Domain Sri Putramas 2 Fully &Partly Few Unit Available,RM 1 800 per month,Jalan Kuching,1400 sq.ft.,3 Bedrooms
Furnished Residensi Kepongmas Kepong Selayang Kuala Lumpur,RM 1 200 per month,Kepong,800 sq.ft.,3 Bedrooms
Renovated Flat Pandan Perdana 3/2 Cheras Selangor For Sale,RM 950 per month,Ampang,505 sq.ft.,2 Bedrooms
Auora Revo,RM 1 400 per month,Bukit Jalil,384 sq.ft.,1 Bedroom
"Waldorf, Sri Hartamas, near to Mont Kiara, Solaris Publika Furnished",RM 2 800 per month,Sri Hartamas,1150 sq.ft.,2 Bedrooms
Residensi Razak Mas Cheras For Rent,RM 1 200 per month,Cheras,805 sq.ft.,3 Bedrooms
"Laman Duta, Solaris Dutamas, üî•Fully Furnishedüî•",RM 6 500 per month,Solaris Dutamas,1300 sq.ft.,3 Bedrooms
Gembira Residence 3 rooms fully furnish Happy Garden Kuchai Lama,RM 2 800 per month,Kuchai Lama,1168 sq.ft.,3 Bedrooms
Mont Kiara Astana Fully Furnish For Rent,RM 3 600 per month,Mont Kiara,1408 sq.ft.,3 Bedrooms
Angkasa Condo Taman Connaught Cheras Walking Distance To UCSI,RM 1 300 per month,Cheras,920 sq.ft.,3 Bedrooms
"Oug Parklane Condo Old Klang Road Partly, Fully Furnished",RM 1 300 per month,OUG,950 sq.ft.,3 Bedrooms
4br2b Partial Furnished,RM 1 700 per month,Sentul,1001 sq.ft.,4 Bedrooms
6 Capsquare Condo Dang Wangi KLCC KL City,RM 3 450 per month,Ampang,1637 sq.ft.,2 Bedrooms
"3R2B M Centura, Sentul LRT MRT Gombak HKL Premium Furnished",RM 2 480 per month,Sentul,850 sq.ft.,3 Bedrooms
EkoCheras Service Apartment Balcony Unit Walking distance MRT Cheras,RM 2 100 per month,Cheras,762 sq.ft.,1 Bedroom
Vista Amani Condo Bandar Sri Permaisuri Cheras 1101sqft 4Rooms P/Fur,RM 1 600 per month,Cheras,1101 sq.ft.,4 Bedrooms
Una Residence near MRT LRT Taman Maluri Sunway Velocity,RM 3 300 per month,Cheras,1012 sq.ft.,2 Bedrooms
Fully Furnish Danau Idaman Condo,RM 1 700 per month,Taman Desa,938 sq.ft.,3 Bedrooms
Impiana Sky Residensi Bukit Jalil,RM 1 600 per month,Bukit Jalil,850 sq.ft.,3 Bedrooms
Affordable Apartment Aman Tiga Desa Puri Kepong Petaling Jaya KL City,RM 900 per month,Kepong,835 sq.ft.,3 Bedrooms
OUG Parklane Old Klang Road Jalan Puchong 950sf 3Rooms SEMI FURNISHED,RM 1 300 per month,OUG,950 sq.ft.,3 Bedrooms
Pandan Perdana Shop Apartment 3Room 1Bath Good Condition High Floor,RM 1 100 per month,Ampang,720 sq.ft.,3 Bedrooms
Angkasa Condo Taman Connaught Cheras Near UCSI,RM 1 300 per month,Cheras,1000 sq.ft.,3 Bedrooms
Vista Langkawi @ PV18 Residence Setapak Kuala Lumpur Cheapest,RM 1 500 per month,Setapak,926 sq.ft.,3 Bedrooms
Bukit Pandan Condominium 2 @ Pandan Perdana Cheras KL,RM 1 450 per month,Cheras,1150 sq.ft.,3 Bedrooms
Brand New Renovated @ Bukit Bintang,RM 4 000 per month,Bukit Bintang,2200 sq.ft.,4 Bedrooms
"[new completed] studio, arte mont kiara, solaris, mont kiara",RM 1 599 per month,Mont Kiara,494 sq.ft.,1 Bedroom
"[3mins walk MRT] 2 BEDROOM FULLY , J. Dupion, Taman Pertama, Cheras",RM 1 999 per month,Cheras,803 sq.ft.,2 Bedrooms
Aster Green Sri Petaling for rent,RM 1 400 per month,Sri Petaling,657 sq.ft.,1 Bedroom
"Mutiara Bukit jalil 3-Storey Corner House Nearest OUG, Old klang Road",RM 2 600 per month,Bukit Jalil,2800 sq.ft.,5 Bedrooms
"Cabinets / 2 Heater , Seri Wahyu Residensi , Jalan Kuching",RM 1 200 per month,KL City,800 sq.ft.,3 Bedrooms
Dutamas üî•Laman Duta üî• Fully Furnished,RM 6 500 per month,Solaris Dutamas,1300 sq.ft.,3 Bedrooms
"Ready Move In / Near Aeon / Aeon Big / Laman Damai , Kepong , Jinjang",RM 699 per month,Kepong,650 sq.ft.,3 Bedrooms
PPAM Bukit Jalil,RM 1 300 per month,Bukit Jalil,1200 sq.ft.,3 Bedrooms
Brand New Unit in JInjang (Near MRT),RM 1 700 per month,Kepong,1009 sq.ft.,3 Bedrooms
Mandy Villa Segambut Sri Sinar For rental ,RM 1 500 per month,Segambut,1007 sq.ft.,3 Bedrooms
SEWA - FULLY FURNISHED Ketumbar Heights Condo,RM 1 500 per month,Cheras,765 sq.ft.,3 Bedrooms
"[Fully Furnished] Bennington Residence 4B +3T Setapak, Kuala Lumpur",RM 4 000 per month,Setapak,1500 sq.ft.,4 Bedrooms
[üí•FULLY FURNISHEDüí•] Sky Suites KLCC @ Kuala Lumpur (KLCC VIEW) 2R2B,RM 3 300 per month,KLCC,796 sq.ft.,3 Bedrooms
(LIMITED! ) Prisma Cheras Condo Almost FULLY FURNISHED HUKM Permaisuri,RM 1 000 per month,Cheras,717 sq.ft.,1 Bedroom
"Rumah untuk disewa di Taman Aman Putra, Kepong",RM 800 per month,Kepong,700 sq.ft.,3 Bedrooms
Mawar Sari Apartment Partly/F Taman Setiawangsa Keramat Aeon Big,RM 1 400 per month,Setiawangsa,950 sq.ft.,3 Bedrooms
Pangsapuri Cheras Mewah sebelah CS Supermarket Tun Perak Cheras,RM 600 per month,Cheras,700 sq.ft.,3 Bedrooms
"Colonial Themed Tuan Residency off Jalan Kuching, KL",RM 1 600 per month,Jalan Kuching,1015 sq.ft.,3 Bedrooms
ANSURAN DEPOSIT WALKING TO LRT Flat Sri Penara Bandar Sri Permaisuri,RM 900 per month,Cheras,650 sq.ft.,3 Bedrooms
Car Park for Rent @ Platinum Lake PV15 Setapak,RM 100 per month,Setapak,1500 sq.ft.,4 Bedrooms
Fully Furnished Apartment with great amenities and secure,RM 1 400 per month,Old Klang Road,48010 sq.ft.,3 Bedrooms
SEWA - THE BIRCH Residence Jalan Ipoh,RM 2 000 per month,Jalan Ipoh,611 sq.ft.,2 Bedrooms
"Parkview Service Apt Studio for rent, KLCC",RM 2 000 per month,KLCC,580 sq.ft.,1 Bedroom
G Residence Desa Pandan KL Ampang 2+1 bedroom,RM 2 800 per month,Desa Pandan,1410 sq.ft.,3 Bedrooms
(NEGO) FULL FURNISH|Changkat View Condo Dutamas Mont Kiara 3r2b,RM 1 850 per month,Solaris Dutamas,1000 sq.ft.,3 Bedrooms
Desa Gembira in Taman Gembira,RM 1 500 per month,Old Klang Road,1257 sq.ft.,3 Bedrooms
(Air Cond) Pandan Heights (3r2b) Near Maluri Ampang,RM 1 200 per month,Cheras,857 sq.ft.,3 Bedrooms
Fully Furnished @ 1shamelin Vistaria Residensi Maluri Ampang,RM 2 100 per month,Ampang,1300 sq.ft.,4 Bedrooms
Near Maluri Ampang 1Shamelin Sky Vista (3r2b) Partially Furnished,RM 2 000 per month,Cheras,1700 sq.ft.,4 Bedrooms
Pearl Suria Old Klang Road Near Mid Valley Citigen Millez Square,RM 1 750 per month,Old Klang Road,1032 sq.ft.,3 Bedrooms
"Fully Furnished Villa Wangsamas Condominium, Wangsa Maju Kuala Lumpur",RM 2 200 per month,Wangsa Maju,1267 sq.ft.,3 Bedrooms
"[ Brand New Luxury Condo ] Unio Residence @ Kepong, KL. United Point",RM 2 000 per month,Kepong,866 sq.ft.,2 Bedrooms
LET - Studio At Continew Residences KL (near LRT),RM 2 200 per month,KL City,550 sq.ft.,1 Bedroom
Fully Furnished Studio @The elements Jalan Ampang (Near KLCC),RM 1 500 per month,Ampang,520 sq.ft.,1 Bedroom
Fully Furnished 2r2b @ The Reizz Jalan Ampang (Near KLCC),RM 2 300 per month,Ampang Hilir,845 sq.ft.,2 Bedrooms
Fully Furnished 2r2b @ The elements Jalan Ampang (Near KLCC),RM 2 200 per month,Ampang,950 sq.ft.,2 Bedrooms
LRT Pandan Indah Walking Distance,RM 1 500 per month,Pandan Indah,960 sq.ft.,3 Bedrooms
Rumah Sewa Murah Near LRT Residensi Jalil Mas Bukit Jalil,RM 1 100 per month,Bukit Jalil,800 sq.ft.,3 Bedrooms
Danau Kota Flat Jalan Genting Klang Setapak 3R2B P/F Setapak Central,RM 1 000 per month,Setapak,700 sq.ft.,3 Bedrooms
Pavilion Embassy Tower C,RM 4 200 per month,Bukit Bintang,1098 sq.ft.,2 Bedrooms
Apartment Sentul Perk for RENT,RM 1 200 per month,Sentul,950 sq.ft.,3 Bedrooms
"Rampai court , 600sf , 2r1b , basic , Wangsa maju",RM 900 per month,Wangsa Maju,600 sq.ft.,2 Bedrooms
Pv 10 unit with FULLY FURNISHED for Rent,RM 2 000 per month,Setapak,1272 sq.ft.,4 Bedrooms
Bandar Baru Sentul Flat 3 mins Walk to Lrt Station and Utc Sentul,RM 900 per month,Sentul,500 sq.ft.,2 Bedrooms
PUTRA VILLA CONDO GOMBAK 3B2B Ready to move in üí•,RM 1 800 per month,Setapak,1076 sq.ft.,3 Bedrooms
"FOR RENT AT DESA PANDAN, KUALA LUMPUR - Sri Ampang Hilir Condominium",RM 1 800 per month,Desa Pandan,1266 sq.ft.,3 Bedrooms
Residensi Bayu Andaman Sentul,RM 1 100 per month,Sentul,1000 sq.ft.,3 Bedrooms
28 Boulevard Condo Pandan Perdana F/F AEON Velocity My Town LRT MRT,RM 1 600 per month,Pandan Perdana,450 sq.ft.,1 Bedroom
The Address @ Taman Desa,RM 2 600 per month,Taman Desa,1118 sq.ft.,4 Bedrooms
Residensi Jalilmas Bukit Jalil LRT Awan Besar,RM 1 000 per month,Bukit Jalil,800 sq.ft.,3 Bedrooms
Residensi Jalilmas Bukit Jalil LRT Awan Besar,RM 850 per month,Bukit Jalil,800 sq.ft.,3 Bedrooms
Maxim Residence Condo Taman Len Cheras,RM 1 500 per month,Cheras,1050 sq.ft.,3 Bedrooms
Pavilion Embassy Tower C,RM 3 700 per month,Bukit Bintang,775 sq.ft.,2 Bedrooms
"Residensi Suria Pantai, Pantai Sentral, Pantai Dalam",RM 1 100 per month,Bangsar,850 sq.ft.,3 Bedrooms
"Riana Green East Condo F/Furnished Wangsa Maju, Near Sri Rampai LRT",RM 2 800 per month,Wangsa Maju,1909 sq.ft.,4 Bedrooms
"[STRATEGIC] Pandanmas 2, Kg Pandan",RM 1 800 per month,Desa Pandan,900 sq.ft.,3 Bedrooms
"Residensi Desa Sentralmas At Tmn Desa, Old Klang Road",RM 1 000 per month,Taman Desa,850 sq.ft.,3 Bedrooms
"Suasana Lumayan Condo P/Furnished Bandar Sri Permaisuri, Cheras",RM 1 550 per month,Cheras,1142 sq.ft.,4 Bedrooms
"Marc Residence Condo, Klcc Kuala Lumpur",RM 2 300 per month,KLCC,630 sq.ft.,1 Bedroom
[ FULLY FURNISHED ] ARTE MONT KIARA | Duplex Unit | Renovated,RM 3 000 per month,Mont Kiara,925 sq.ft.,2 Bedrooms
„Äê ÂêâÂ±ãÂá∫Áßü „Äë MUTIARA FADASON |ÊâãÂø´ÊúâÔºåÊâãÊÖ¢Êó† | Kepong | Jinjang,RM 750 per month,Kepong,650 sq.ft.,3 Bedrooms
[ 1300SF 4 ROOMS ] THE HENGE CONDO | Corner Unit | Kepong | Selayang,RM 2 200 per month,Kepong,1300 sq.ft.,4 Bedrooms
"Wangsa Heights, Bukit Antarabangsa Ukay Perdana Ampang",RM 1 100 per month,Ampang,958 sq.ft.,3 Bedrooms
Sky Suites Klcc Fully Furnished 2 Bedrooms Twin Tower Cbd New Unit,RM 2 600 per month,KLCC,687 sq.ft.,2 Bedrooms
Hot Area With Cheapest Price,RM 1 250 per month,Cheras,865 sq.ft.,3 Bedrooms
One Residences Chan Sow Lin Sungai Besi Limited Unit,RM 2 100 per month,Sungai Besi,888 sq.ft.,2 Bedrooms
Bangsar puteri condo 2200 fully furnish,RM 2 000 per month,Bangsar,1066 sq.ft.,2 Bedrooms
"UNIO RESIDENCE Kepong 5 Star Facilities condo,ENESTA MRT AEON JUSCO",RM 2 000 per month,Kepong,866 sq.ft.,2 Bedrooms
[HOT UNIT] Casa Mutiara 2 Bedroom Full Furnished Vacant now,RM 2 000 per month,Bukit Bintang,900 sq.ft.,2 Bedrooms
Residensi Majestic Maxim | Cheras | Partly Furnished | Balcony | Murah,RM 1 100 per month,Cheras,900 sq.ft.,2 Bedrooms
"Rampai Residence Sri Rampai, near Wangsa Maju, Setapak, Rampai2, Pv20",RM 1 850 per month,Setapak,850 sq.ft.,3 Bedrooms
"Razakmas Apartment, Bandar Tun Razak",RM 900 per month,Cheras,850 sq.ft.,3 Bedrooms
Prima Saujana Apartment,RM 950 per month,Kepong,1000 sq.ft.,3 Bedrooms
[UBN APARTMENT] full furnished unit with washing machine,RM 2 200 per month,KL City,720 sq.ft.,1 Bedroom
SUITE ENESTA Residence 3ROOM 2BATH Kepong NICE VIEW JINJANG UNIO MRT,RM 1 550 per month,Kepong,980 sq.ft.,3 Bedrooms
UNA Residence | Sunway Velocity | 2R1B | Fully Furnish,RM 3 200 per month,Cheras,807 sq.ft.,2 Bedrooms
[WALK TO KLCC] The Meritz 2 Room 2 Bathroom for rent,RM 4 500 per month,Ampang,1400 sq.ft.,2 Bedrooms
Avenue Court Old Klang Road Jalan Klang Lama 3R2B Partly furnished KL,RM 1 250 per month,Old Klang Road,973 sq.ft.,3 Bedrooms
Sky Suites Klcc Fully Furnished 3 Bedrooms Twin Tower Cbd New Unit,RM 3 300 per month,KLCC,818 sq.ft.,3 Bedrooms
Partial Furnished Apartment for Rent in Setapak (Teratai Mewah),RM 1 100 per month,Setapak,653 sq.ft.,3 Bedrooms
"Queensville Studio Id Design , Bandar Sri Permaisuri Cheras",RM 1 700 per month,Cheras,580 sq.ft.,1 Bedroom
Residency V 3R2B F/F Old Klang Road OKR OUG Mid Valley Kuala Lumpur,RM 2 200 per month,Old Klang Road,910 sq.ft.,3 Bedrooms
"Residensi Desa Sentralmas At Tmn Desa, Old Klang Road",RM 1 000 per month,Taman Desa,850 sq.ft.,3 Bedrooms
[BEAUTIFUL DECORATED UNIT] Seri Raja Chulan Condo 3R2B,RM 3 200 per month,Bukit Bintang,1300 sq.ft.,3 Bedrooms
"PPR Sri Aman , Jinjang Utara , Kepong .",RM 900 per month,Kepong,890 sq.ft.,3 Bedrooms
fully furniture unit 3 Residen Desa Melawati KL,RM 2 500 per month,Taman Melawati,1100 sq.ft.,2 Bedrooms
Fully furniture unit Sofiya Desa Parkcity kuala lumpur,RM 2 100 per month,Desa ParkCity,984 sq.ft.,3 Bedrooms
"Berlian condo , 900sf , 3room 2bath , p/furnished , setapak",RM 1 400 per month,Setapak,900 sq.ft.,3 Bedrooms
SUITE ENESTA Condominium Direct MRT Kepong JINJANG UNIO For rent,RM 1 500 per month,Kepong,980 sq.ft.,3 Bedrooms
"SUITE ENESTA Residence Kepong JINJANG ,UNIO MRT",RM 2 100 per month,Kepong,1460 sq.ft.,3 Bedrooms
"FREE Wifi 3R2B, Tuan Residency, Jalan Kuching, partially furnished",RM 1 950 per month,Jalan Kuching,900 sq.ft.,3 Bedrooms
5 Bilik / 5 rooms Fully Furnished PPAM Metropolitan Kepong sewa rumah,RM 1 600 per month,Kepong,1500 sq.ft.,5 Bedrooms
"Lexa Fera Residence condo Walking to LRT & Mall, Sewa rumah",RM 1 700 per month,Wangsa Maju,820 sq.ft.,3 Bedrooms
(PartiallyFurnished)(TARC) PV 6 Platinum Hill Condo Melati Setapak KL,RM 2 100 per month,Setapak,1328 sq.ft.,4 Bedrooms
Sri Putramas 1 Condo (Nora) Near Mitec Good Condition,RM 1 600 per month,Jalan Kuching,1100 sq.ft.,3 Bedrooms
OUG Parklane @ Jalan Puchong KL [Well-Kept] [3B2BR],RM 1 100 per month,OUG,950 sq.ft.,3 Bedrooms
Cheras Midah Ria Condo Near MRT,RM 1 300 per month,Cheras,967 sq.ft.,3 Bedrooms
"Lavile Cheras @ Kuala Lumpur l Near MRT , TRX , SUNWAY VELOCITY KLCC .",RM 2 800 per month,Cheras,1064 sq.ft.,3 Bedrooms
"Lavile Cheras @ Kuala Lumpur l Walking Distance MRT , Sunway Veloci...",RM 3 200 per month,Cheras,864 sq.ft.,3 Bedrooms
Putra Villa Taman Melati Partially Furnished,RM 1 750 per month,Setapak,1066 sq.ft.,3 Bedrooms
"M3 mall condo , 900sf , 3r2b , fully furnished , renovated , LRT , Tam",RM 1 700 per month,Setapak,900 sq.ft.,3 Bedrooms
"Majestic Maxim, Taman Bukit Cheras, Connaught, Cheras",RM 1 400 per month,Cheras,650 sq.ft.,2 Bedrooms
"Ohako Condo For Rent, 3 Room With 2 Car Park, Bandar Puchong Jaya",RM 1 700 per month,Puchong,955 sq.ft.,3 Bedrooms
Sofiya Desa Parkcity Fully Furnished Unit For Rent,RM 2 200 per month,Desa ParkCity,862 sq.ft.,3 Bedrooms
Citizen Old Klang Road Fully Furnished KL View Kuchai Lama OUG Kinrara,RM 2 600 per month,Old Klang Road,1133 sq.ft.,4 Bedrooms
(Fullyfurnish)(2CP)(Renovated) Putra Villa Condo Tmn Melati Setapak KL,RM 1 799 per month,Setapak,1066 sq.ft.,3 Bedrooms
Fennel Residence Sentul For Rental Fully Furnished Unit,RM 3 400 per month,Sentul,1186 sq.ft.,3 Bedrooms
TeRatak Muhibbah 2 TaMan Desa KL 3R2B,RM 900 per month,Taman Desa,650 sq.ft.,3 Bedrooms
(Renovated)(BasicUnit) Petaling Indah Condo Sri Petaling Sg Besi KL,RM 1 100 per month,Sri Petaling,888 sq.ft.,3 Bedrooms
Pandanmas 1 For Rent,RM 1 500 per month,Desa Pandan,850 sq.ft.,3 Bedrooms
The Link 2 Condo Lrt Alam Sutera Bukit Jalil Imu Apu Oug Sri Petaling,RM 2 100 per month,Bukit Jalil,800 sq.ft.,2 Bedrooms
Ketumbar Heights 3R2B Cheras F/F Taman Yulek MRT EKO Kuala Lumpur,RM 1 400 per month,Cheras,760 sq.ft.,3 Bedrooms
The Pano Nice View Unit To Rent,RM 1 800 per month,Sentul,692 sq.ft.,1 Bedroom
"Rampai court , 600sf , 2r1b , basic , wangsa maju",RM 900 per month,Wangsa Maju,600 sq.ft.,2 Bedrooms
"Desa Kiara Condo , Bukit Kiara, TTDI [Fully Furnished] near MRT",RM 1 900 per month,Taman Tun Dr Ismail,1200 sq.ft.,3 Bedrooms
"Putra Villa , 1067sf , 3r2b , f/furnished , Taman Melati , Setapak",RM 1 700 per month,Setapak,1067 sq.ft.,3 Bedrooms
"Vista Komanwel C, Bukit Jalil LRT, Sri Petaling (1400sf FULLY FURNISH)",RM 2 000 per month,Bukit Jalil,1400 sq.ft.,6 Bedrooms
Plaza Damas 3,RM 1 600 per month,Sri Hartamas,780 sq.ft.,1 Bedroom
Sri Petaling Endah Puri Condo for Rent,RM 2 200 per month,Sri Petaling,1500 sq.ft.,4 Bedrooms
FURNISHED Residensi Alam Damai (PR1MA@Alam Damai) Kuala Lumpur,RM 1 400 per month,Cheras,657 sq.ft.,2 Bedrooms
Flat berhampiran LRT Taman Melati,RM 800 per month,Setapak,560 sq.ft.,2 Bedrooms
Menara Antara 2Room 3Bathroom 1CP Fully/F Bukit Bintang (Nice View),RM 3 000 per month,Bukit Bintang,1500 sq.ft.,2 Bedrooms
Sewa Termurah Pangsapuri Teratak Muhibbah2 Taman Desa Jalan Klang Lama,RM 950 per month,Taman Desa,657 sq.ft.,3 Bedrooms
FULLY FURNISHED Binjai 8 Condominium KLCC,RM 2 600 per month,KLCC,800 sq.ft.,1 Bedroom
"Apartment Taman Bukit Segar, Cheras, Kuala Lumpur",RM 700 per month,Cheras,660 sq.ft.,3 Bedrooms
Seri Ceria 2 FEB 2023,RM 800 per month,Bukit Jalil,650 sq.ft.,3 Bedrooms
"[BELOW MARKET] Cheras Pertiwi Indah Condo , Partly Furnish , 1298sf",RM 1 600 per month,Cheras,1285 sq.ft.,3 Bedrooms
Jalil Damai Apt @ Bkt Jalil - Basic unit for rental,RM 1 300 per month,Bukit Jalil,1080 sq.ft.,3 Bedrooms
Villa Wangsamas_Wangsa Maju_INTERNATIONAL SCHOOL,RM 2 000 per month,Wangsa Maju,1267 sq.ft.,3 Bedrooms
"Kuala Lumpur, Villa Wangsamas Condo Wangsa Maju Partly Furnished",RM 1 700 per month,Wangsa Maju,1267 sq.ft.,3 Bedrooms
M Vertica Cheras 3Rooms Partially Furnished Near LRT & MRT,RM 1 800 per month,Cheras,850 sq.ft.,3 Bedrooms
Infiniti 3 Residensi Wangsa Maju ~ 5ROOMS,RM 5 500 per month,Wangsa Maju,2266 sq.ft.,5 Bedrooms
"Segar Court Condominium, Cheras, Kuala Lumpur",RM 2 400 per month,Cheras,1107 sq.ft.,3 Bedrooms
Inspirasi Condo 3r2b2c f/f near Publika Mont Kiara Kl (Cheapest),RM 2 800 per month,Mont Kiara,940 sq.ft.,3 Bedrooms
"Clean and well maintain , Walking distance to LRT station ",RM 1 250 per month,OUG,950 sq.ft.,3 Bedrooms
3 bedroom apartment for rent,RM 1 500 per month,Cheras,765 sq.ft.,3 Bedrooms
Parking Residensi Pandanmas 1,RM 150 per month,Desa Pandan,100 sq.ft.,1 Bedroom
Menara Cenderawasih Apartment for rent,RM 1 000 per month,Keramat,872 sq.ft.,3 Bedrooms
"6Ceylon SixCeylon, Bukit Bintang - Prime Location",RM 3 500 per month,Bukit Bintang,1200 sq.ft.,2 Bedrooms
Residensi Platinum OUG Fully Furnished High Level 1200sqft Bukit Jalil,RM 1 800 per month,Kuchai Lama,1200 sq.ft.,3 Bedrooms
The Scott Soho GOOD Location With Nice View at Old Klang Road H/FLOOR,RM 1 600 per month,Old Klang Road,755 sq.ft.,1 Bedroom
Rampai court near wangsa maju duke highway putra LRT,RM 1 250 per month,Wangsa Maju,600 sq.ft.,2 Bedrooms
Ampang Permai Prima 3rooms 2bath at Tasek Permai near Aeon Dagang,RM 950 per month,Ampang,758 sq.ft.,3 Bedrooms
Taman Pusat Kepong Shop Apartment,RM 800 per month,Kepong,935 sq.ft.,3 Bedrooms
"Majestic Maxim 2 Rooms In Taman Connaught, Kitchen Cabinet",RM 1 400 per month,Cheras,650 sq.ft.,2 Bedrooms
"[FOR RENT] Studio Mutiara Complex, Jalan Ipoh",RM 1 000 per month,Jalan Ipoh,450 sq.ft.,1 Bedroom
New Majestic Maxim at Taman Connaught for rent and sell,RM 1 300 per month,Cheras,650 sq.ft.,2 Bedrooms
Spacious Fully furnished 1 bedroom serviced apartment Setia Sky,RM 2 500 per month,KL City,980 sq.ft.,1 Bedroom
PLATINUM TERATAI RESIDENCE for rent,RM 1 600 per month,Setapak,928 sq.ft.,3 Bedrooms
Sentul Point | Fully Furnish | 3R2B | 2 Carpark | Fully Airconds,RM 1 800 per month,Sentul,900 sq.ft.,3 Bedrooms
Season Garden | Partially Furnish | 3R2B | 2 or 1 Parking |Facing KLCC,RM 1 500 per month,Wangsa Maju,850 sq.ft.,3 Bedrooms
Kenari Court|Pandan Indah|Nearby Mid Point Shopping Centre|Partially F,RM 1 300 per month,Ampang,750 sq.ft.,3 Bedrooms
Sri Intan 2| Jln Ipoh|3r2b|1 Parking| Partially Furnished,RM 1 400 per month,Jalan Ipoh,1200 sq.ft.,3 Bedrooms
Legasi Kampung Baru Condo Next to LRT Kg Baru [FULLY FURNISHED],RM 3 300 per month,KL City,950 sq.ft.,3 Bedrooms
Vista Wirajaya Residensi Taman Melati Setapak [FULLY FURNISHED],RM 1 800 per month,Setapak,885 sq.ft.,3 Bedrooms
LOW DEPO Vista Angkasa Apartment Bangsar [PARTIALLY FURNISHED],RM 1 900 per month,Bangsar South,1000 sq.ft.,4 Bedrooms
I Zen Mont Kiara 1 Condo Fully Furnished Unit For Rental,RM 4 200 per month,Mont Kiara,1400 sq.ft.,5 Bedrooms
Majestic Maxim Residence Cheras Kuala Lumpur [PARTIALLY FURNISHED],RM 1 600 per month,Cheras,670 sq.ft.,2 Bedrooms
Majestic Maxim Residence Cheras Kuala Lumpur [PARTIALLY FURNISHED],RM 1 500 per month,Cheras,650 sq.ft.,2 Bedrooms
"[COMFY+RENOVATED] The Hamilton, Wangsa Maju (Actual Unit - Furnished)",RM 3 200 per month,Wangsa Maju,1219 sq.ft.,3 Bedrooms
[HOT DEAL][Rent]Angkasa Condo@Taman Connaught beside UCSI,RM 1 600 per month,Cheras,920 sq.ft.,3 Bedrooms
For Rent - Suasana Lumayan Condominium,RM 1 700 per month,Cheras,1145 sq.ft.,4 Bedrooms
Astana Lumayan Condominium For Rent,RM 1 600 per month,Cheras,1200 sq.ft.,4 Bedrooms
M Centura Service Residence Sentul [FULLY FURNISHED],RM 2 500 per month,Sentul,850 sq.ft.,3 Bedrooms
Studio Villa Putera condo Jalan Sultan Ismail KL [FULLY FURNISHED],RM 1 500 per month,Jalan Sultan Ismail,850 sq.ft.,1 Bedroom
Studio Regalia Residence Jalan Sultan Ismail KL [FULLY FURNISHED],RM 1 800 per month,Jalan Sultan Ismail,550 sq.ft.,1 Bedroom
Apartment bukit angkasa Blok 21,RM 1 200 per month,Bangsar South,750 sq.ft.,3 Bedrooms
"[MODERN ID] Lakeville Residence, Jalan Ipoh (Actual Unit)",RM 2 200 per month,Jalan Ipoh,977 sq.ft.,3 Bedrooms
Studio Prisma Cheras Condo Taman Midah [PARTIALLY FURNISHED],RM 1 100 per month,Cheras,900 sq.ft.,1 Bedroom
3 ReSiDeN MeLaWaTi FurNiSheD TaMaN MeLaWaTi 2 CarParK,RM 2 600 per month,Taman Melawati,1206 sq.ft.,2 Bedrooms
"(Cheap&NICE! )Taman Connaught Cheras,bdr Tun Razak,UCSI,tasik selatan",RM 880 per month,Cheras,650 sq.ft.,2 Bedrooms
TR ReSiDeNCe CanTiK FuLLy FuRNiSheD SHorT DiSTaNCe To LRT TitiWanGsa,RM 2 600 per month,Titiwangsa,710 sq.ft.,2 Bedrooms
COZY-VISTA ANGKASA NICE UNIT Block 7 NEAR UM BANGSAR & Walking to LRT,RM 1 800 per month,Bangsar South,1200 sq.ft.,3 Bedrooms
Fully Furnished 3R2B + 2 Car Parks - Nice view + Private LRT & MRT Bus,RM 1 300 per month,Sentul,850 sq.ft.,3 Bedrooms
"M Centura fully furnished unit for rent. Move in ASAP, view anytime",RM 1 250 per month,Sentul,650 sq.ft.,2 Bedrooms
"Majestic Maxim Condo, Taman Connaught Cheras, New Condo For Rent",RM 1 400 per month,Cheras,819 sq.ft.,3 Bedrooms
[Rent]Majestic Maxim Condo@near UCSI Taman Connaught Kajang MRT Line,RM 1 300 per month,Cheras,650 sq.ft.,2 Bedrooms
Majestic Maxim Residence Cheras Kuala Lumpur [PARTIALLY FURNISHED],RM 1 400 per month,Cheras,650 sq.ft.,2 Bedrooms
The Era condominium for rent,RM 2 400 per month,Segambut,800 sq.ft.,2 Bedrooms
Majestic Maxim New Condo In Taman Connaught Cheras For Rent,RM 1 300 per month,Cheras,650 sq.ft.,2 Bedrooms
[HOT DEAL][Rent]Maxim Residences Condo@Taman Connaught Cheras Len Seng,RM 1 400 per month,Cheras,1050 sq.ft.,3 Bedrooms
"Majestic Maxim, Taman Connaught, Cheras, New Condo For Rent",RM 1 700 per month,Cheras,819 sq.ft.,3 Bedrooms
HoT LocaTion ‚ÄºÔ∏è FuLLy FurNiSheD The ELeMenTs JaLaN AmPang,RM 2 100 per month,Ampang,950 sq.ft.,2 Bedrooms
Majestic Maxim 2 Rooms In Taman Connaught Cheras For Rent,RM 1 400 per month,Cheras,650 sq.ft.,2 Bedrooms
"Majestic Maxim, Cheras Taman Connaught, 3 Rooms With Kitchen Cabinet",RM 1 500 per month,Cheras,819 sq.ft.,3 Bedrooms
"350m MRT Connaught, Branded Kitchen Cabinet, Quality Furnishings",RM 1 600 per month,Cheras,650 sq.ft.,2 Bedrooms
"Furnished, Below Market Price, 350m To MRT Connaught, 5 Station To TRX",RM 1 500 per month,Cheras,650 sq.ft.,2 Bedrooms
"Kepongmas Partly furnished, Taman Usahawan Metro Perdana Kepong",RM 1 400 per month,Kepong,800 sq.ft.,3 Bedrooms
Prisma Cheras Condo Taman Midah Cheras Hukm,RM 1 100 per month,Cheras,900 sq.ft.,1 Bedroom
Arte duplex @ mont Kiara,RM 1 700 per month,Mont Kiara,886 sq.ft.,2 Bedrooms
Bayu Sentul Condo Dato Senu 3 Sentul [PARTIALLY FURNISHED],RM 1 900 per month,Sentul,1300 sq.ft.,3 Bedrooms
The holmes bandar tun razak klcc view nearby hukm taman midah lido,RM 2 200 per month,Cheras,1018 sq.ft.,3 Bedrooms
Sentul Village@3R 2B 1P For Rent,RM 1 450 per month,Sentul,948 sq.ft.,3 Bedrooms
The Face Suites KLCC KL City Centre 850SQFT [FULLY FURNISHED],RM 3 100 per month,KLCC,850 sq.ft.,1 Bedroom
[Fully Furnished] Brem Park 1 Condominium Happy Garden Kuchai Lama,RM 1 600 per month,Kuchai Lama,1040 sq.ft.,3 Bedrooms
"Manor Apartment, Taman Maluri Cheras",RM 1 300 per month,Cheras,900 sq.ft.,3 Bedrooms
"For Rent Shop Apartment Megan Setapak,Level 3, Coner Unit",RM 1 200 per month,Setapak,1000 sq.ft.,3 Bedrooms
Zeta Deskye@Sentul KL For Rent,RM 1 600 per month,Sentul,1037 sq.ft.,3 Bedrooms
Zeta Deskye@Jalan Ipoh KL For Rent,RM 1 600 per month,Jalan Ipoh,1037 sq.ft.,3 Bedrooms
"Residensi Suria Pantai, Pantai Sentral",RM 1 600 per month,Pantai,810 sq.ft.,3 Bedrooms
SKY AWANI 3 for RENT! with kitchen cabinet,RM 1 500 per month,Setapak,800 sq.ft.,3 Bedrooms
"Pandan Perdana Villa Duplex Apartment , PV1",RM 1 180 per month,Cheras,806 sq.ft.,3 Bedrooms
M City Jalan Ampang Village Grocer KLCC 2 Bedrooms Duplex Sewa Rent KL,RM 2 500 per month,KL City,1052 sq.ft.,2 Bedrooms
Villa Crystal Condo Fully Furnished Kepong Segambut Sri Sinar Bintang,RM 2 000 per month,Segambut,1155 sq.ft.,3 Bedrooms
Rumah Sewa SEKSYEN 1 Wangsa Maju,RM 1 200 per month,Wangsa Maju,600 sq.ft.,2 Bedrooms
For Rental Semi Furnished Residensi Platinum Teratai Condo Setapak,RM 2 000 per month,Setapak,928 sq.ft.,3 Bedrooms
"The Nest [ Actual Unit, Fully Air Cond, Kitchen ] Ready Move In",RM 1 799 per month,Setapak,1000 sq.ft.,3 Bedrooms
"Bennington Residence [ Actual Unit, 2 Parking ] 3Bedroom",RM 1 999 per month,Setapak,1100 sq.ft.,3 Bedrooms
Dutamas Changkat View Ready Move In Fully Furnish Unit Include Utility,RM 800 per month,Solaris Dutamas,1100 sq.ft.,5 Bedrooms
tulin apartment,RM 1 000 per month,Old Klang Road,800 sq.ft.,3 Bedrooms
Desa Permai Condo for Rent,RM 1 800 per month,Taman Desa,1130 sq.ft.,3 Bedrooms
"Duplex Arte Mont Kiara 2 car parks, near Publika, Hartamas Corner Lot",RM 2 998 per month,Mont Kiara,925 sq.ft.,2 Bedrooms
"Fera Residence [ Actual Unit, Fully Furnished ] 2 Parking",RM 2 800 per month,Wangsa Maju,850 sq.ft.,3 Bedrooms
Parklane Condo Partly Oug Old Klang Road Puchong,RM 1 200 per month,OUG,950 sq.ft.,3 Bedrooms
Sentul Utama Condo,RM 1 200 per month,Sentul,877 sq.ft.,3 Bedrooms
"Regalia Service Apartment, near MRT, LRT, Sunway Putra Mall",RM 2 100 per month,Jalan Sultan Ismail,560 sq.ft.,1 Bedroom
KL Traders Square [ 3+1Bedroom 2Bathroom ] Actual Unit,RM 1 450 per month,Setapak,940 sq.ft.,4 Bedrooms
(Direct Owner)Apartmnt Cheras Mewah sebelah CS Taman Tun Perak Cheras,RM 600 per month,Cheras,700 sq.ft.,3 Bedrooms
[Near LRT] Fully Furnished Putra Suria Residensi @ Cheras,RM 1 350 per month,Cheras,748 sq.ft.,3 Bedrooms
The Birch Brand NEW Service Apartment suitable for family for Rent,RM 1 600 per month,Jalan Ipoh,652 sq.ft.,2 Bedrooms
Jalan ipoh Sri intan condo 2,RM 1 300 per month,Jalan Ipoh,1200 sq.ft.,3 Bedrooms
Walking Distance to MRT Taman Connaught,RM 1 500 per month,Cheras,650 sq.ft.,2 Bedrooms
"Flat Danau Kota, Setapak ada Lif",RM 950 per month,Setapak,700 sq.ft.,3 Bedrooms
The Heritage Condominium Jalan Pahang Near Hospital Besar Kuala Lumpu,RM 1 600 per month,Setapak,1280 sq.ft.,3 Bedrooms
FULLY FURNISHED Anjung Hijau Bukit Jalil,RM 1 950 per month,Bukit Jalil,1100 sq.ft.,3 Bedrooms
Jln Laman Rimbunan PANGSAPURI SEROJA APT Kepong K.L.,RM 750 per month,Kepong,750 sq.ft.,3 Bedrooms
Residency V 3R2B2C near KTM Petaling Old Klang Road,RM 2 200 per month,Old Klang Road,909 sq.ft.,3 Bedrooms
"Central Residence, Sungai Besi, Fully Furnished 2 Rooms Condo For Rent",RM 1 600 per month,Sungai Besi,731 sq.ft.,2 Bedrooms
"Rumah Sewa di M3 Residency, Taman Melati, jalan kaki ke Lrt, Kl",RM 1 700 per month,Setapak,810 sq.ft.,3 Bedrooms
Residensi Jalilmas Bukit Jalil,RM 1 200 per month,Bukit Jalil,800 sq.ft.,3 Bedrooms
MUSLIM depo murah semi ESTANA Court Ukay Bistary near Melawati,RM 1 600 per month,Ampang,850 sq.ft.,3 Bedrooms
The ELeMenTs JaLaN AmPaNg FuLLy FurNiSHeD NeAr KLCc,RM 2 100 per month,Ampang,950 sq.ft.,2 Bedrooms
New residence,RM 2 200 per month,Setapak,1000 sq.ft.,3 Bedrooms
"Ready To Move In M CENTURA Sentul Fully Furnish Near Titiwangsa, HKL",RM 1 200 per month,Sentul,650 sq.ft.,2 Bedrooms
MUSLIM semi end feb PPA1M Bukit Jalil walk LRT Bukit Jalil Stadium,RM 1 300 per month,Bukit Jalil,1200 sq.ft.,3 Bedrooms
2 room Partial Funished unit M Centura Sentul Kepong Kuala Lumpur,RM 1 400 per month,Sentul,646 sq.ft.,2 Bedrooms
Bayu Tasik 1 Condo Sri Permaisuri Cheras LRT Near HUKM F/F Cheaper,RM 1 200 per month,Cheras,950 sq.ft.,3 Bedrooms
Fully Furnished Apartment Bukit Jalil PPA1M Bukit Jalil Kuala lumpur,RM 1 950 per month,Bukit Jalil,1434 sq.ft.,4 Bedrooms
FOR RENT FULLY FURNISHED M Centura Sentul,RM 2 500 per month,Sentul,850 sq.ft.,3 Bedrooms
Majestic Maxim condo for rent (mrt tmn connaught),RM 1 400 per month,Cheras,650 sq.ft.,2 Bedrooms
The Leafz @ Sg Besi Fully Furnished Near Kuchai Lama,RM 2 200 per month,Sungai Besi,1025 sq.ft.,2 Bedrooms
"Luxury and Greenery Lifestyle Binjai On The Park,Kuala Lumpur",RM 16 000 per month,KLCC,3218 sq.ft.,4 Bedrooms
"Fully Furnished And Klcc View For Rent Danau Lumayan, Cheras",RM 1 600 per month,Cheras,830 sq.ft.,3 Bedrooms
Shop Apartment For Rent !!!,RM 1 050 per month,Kepong,750 sq.ft.,3 Bedrooms
38 Bidara Condo Bukit Bintang KLCC,RM 2 100 per month,KLCC,706 sq.ft.,2 Bedrooms
"(FULLY) Scott Garden Soho Duplex Studio Near Taman Desa, Kuchai Lama",RM 1 400 per month,Old Klang Road,775 sq.ft.,1 Bedroom
"The Era (North Kiara) 2R2B, Segambut, Jalan Kuching WIFI KL KL view",RM 2 450 per month,Segambut,900 sq.ft.,2 Bedrooms
"Putra Villa Tmn Melati, Near Gombak LRT",RM 1 800 per month,Setapak,1125 sq.ft.,3 Bedrooms
"Vista Wirajaya 2 Setapak, Tmn Melati LRT next to UTARC",RM 1 650 per month,Setapak,850 sq.ft.,3 Bedrooms
"[Walking Distance UTARC/LRT] Vista Wirajaya Setapak, Tmn Melati",RM 1 500 per month,Setapak,850 sq.ft.,3 Bedrooms
[Walk To LRT/ UTARC] Vista Wirajaya 2 Setapak,RM 1 500 per month,Setapak,850 sq.ft.,3 Bedrooms
"Cheapest unit Majestic Maxim, 5min walking distance to MRT,Eko Cheras",RM 1 000 per month,Cheras,655 sq.ft.,2 Bedrooms
"[2 Car Park Full Grille] Platinum Teratai Setapak, Near PV18 For Rent",RM 1 600 per month,Setapak,928 sq.ft.,3 Bedrooms
"[Ready Move In/Next to LRT] Vista Wirajaya 2 Residensi, Setapak UTARC",RM 1 750 per month,Setapak,850 sq.ft.,3 Bedrooms
"[Ready Move In] PV9 Residensi, Next to UTARC",RM 2 200 per month,Setapak,1100 sq.ft.,4 Bedrooms
"Desa Tun Razal Apartment, 2r1b, high floor, clean",RM 750 per month,Cheras,700 sq.ft.,2 Bedrooms
"Scott Garden Duplex Studio Near Midvalley, Bangsar South, KL Sentral",RM 1 100 per month,Old Klang Road,775 sq.ft.,1 Bedroom
[Super near LRT] casa green 3R2BF/f Platinum OUG The Z Kiara residence,RM 1 999 per month,Bukit Jalil,900 sq.ft.,3 Bedrooms
M Vertica Condo Cheras Maluri 3R2B2C Fully Furnished Velocity MRT LRT,RM 2 300 per month,Cheras,850 sq.ft.,3 Bedrooms
M Vertica Condo Cheras Maluri PGRM KUPTM Near Sunway Velocity LRT MRT,RM 2 300 per month,Cheras,850 sq.ft.,3 Bedrooms
"Sri Jelatek Condominium, Wangsa Maju",RM 1 400 per month,Wangsa Maju,1100 sq.ft.,3 Bedrooms
"Brand New Renovated unit, Walking Distance to MRT Station",RM 1 700 per month,Cheras,819 sq.ft.,3 Bedrooms
TR Residence Carpark @Basement 1 To RENT (CARPARK ONLY),RM 200 per month,Titiwangsa,120 sq.ft.,1 Bedroom
Riverville Taman Sri Sentosa Fully Furnished Huge Balcony 3 Rooms Unit,RM 2 800 per month,Old Klang Road,2100 sq.ft.,3 Bedrooms
"Full Furnish Condo For Rent, ready move in with beg only",RM 1 400 per month,Cheras,1124 sq.ft.,2 Bedrooms
"PPA1M Bukit Jalil, 500m walking distance to LRT, Fully furnished",RM 1 700 per month,Bukit Jalil,1450 sq.ft.,4 Bedrooms
KL Traders Square 3+1 rooms FULLY FURNISHED with 2 car park,RM 1 700 per month,Setapak,950 sq.ft.,3 Bedrooms
PV9 condo 4 rooms FULLY FURNISHED 2 Car park KLCC view,RM 2 000 per month,Setapak,1200 sq.ft.,4 Bedrooms
"Studio Unit, The Colony by Infinitum Partially Unit, KL City Centre",RM 1 900 per month,KL City,450 sq.ft.,1 Bedroom
"The Birch Residence, 2R1B , 3min to MRT Sentul , KLCC",RM 1 800 per month,Jalan Ipoh,650 sq.ft.,2 Bedrooms
Gurneymas Residensi Keramat Near LRT,RM 1 400 per month,Keramat,850 sq.ft.,3 Bedrooms
Flat Taman Melati,RM 950 per month,Setapak,580 sq.ft.,2 Bedrooms
"SkyAwani One Residensi
Fully furnished ready to move in March 2023",RM 1 800 per month,Sentul,800 sq.ft.,3 Bedrooms
Cemara Apt Near LRT KTM salak south Highway Bdr Sri Permaisuri Cheras,RM 1 200 per month,Cheras,720 sq.ft.,3 Bedrooms
Mont Kiara Pines (WELL MAINTAIN RENOVATED UNIT WITH CLUBHOUSE VIEW),RM 2 800 per month,Mont Kiara,1400 sq.ft.,3 Bedrooms
Pangsapuri Segar Ria Cheras,RM 730 per month,Cheras,650 sq.ft.,3 Bedrooms
(LOW RENTAL) Residensi Pandanmas1 Desa Pandan KL For Rent,RM 1 500 per month,Desa Pandan,900 sq.ft.,3 Bedrooms
"Cheapestunit Pandanmas 2,Nearby Lotus , MyTOWN,Sunway velo,Aeon Maluri",RM 1 700 per month,Desa Pandan,950 sq.ft.,3 Bedrooms
Connaught Avenue Condo Taman Connaught Cheras 950sf 3r2b Fully Reno,RM 1 500 per month,Cheras,950 sq.ft.,3 Bedrooms
2 room apartment at higher floor,RM 1 300 per month,KL City,900 sq.ft.,2 Bedrooms
"RUMAH UNTUK DI SEWA Blok Desa Angsana Jalan Desa Cahaya, Cheras",RM 1 000 per month,Cheras,700 sq.ft.,3 Bedrooms
"Cheapest Fully furnished unit, 3R2B , 5min to Pavilion Bkt Jalil,",RM 1 800 per month,Bukit Jalil,1150 sq.ft.,3 Bedrooms
"Sri Ledang Condo, 4 rooms, Partly furnished, Wangsa Maju, KL",RM 1 600 per month,Wangsa Maju,1200 sq.ft.,4 Bedrooms
"Fera Residence, Seksyen 10, Wangsa Maju",RM 1 700 per month,Wangsa Maju,688 sq.ft.,3 Bedrooms
New Painted Condo to let At Jalan Gombak,RM 1 800 per month,Setapak,1131 sq.ft.,3 Bedrooms
"Ready move in Unio Residence Kepong Super deal, many unit on hand",RM 1 700 per month,Kepong,866 sq.ft.,2 Bedrooms
"New Renovated Desa Satu, 3R1B , Kepong",RM 1 000 per month,Kepong,780 sq.ft.,3 Bedrooms
Expressionz 1 bedroom @KLCC,RM 2 000 per month,KL City,500 sq.ft.,1 Bedroom
"Majestic Maxim, MRT Walking distance , UCSI , 5min to Eko Cheras mall",RM 1 500 per month,Cheras,680 sq.ft.,2 Bedrooms
"[CHEAPEST FULLY FURNISHED] LEGASI KAMPONG BHARU, KL near LRT st, KLCC",RM 3 200 per month,KL City,950 sq.ft.,3 Bedrooms
"Untuk DiSewa Monte Bayu Jalan Bukit Pandan Bistari 5, Cheras Baru",RM 1 700 per month,Cheras,1134 sq.ft.,3 Bedrooms
Mandarina Court Cheras Sentral Taman Connaught MRT UCSI Facing KLCC,RM 900 per month,Cheras,780 sq.ft.,3 Bedrooms
"Kepong Jinjang , Ppr Sri Aman Apartment with aircond, kitchen cabinet",RM 800 per month,Kepong,700 sq.ft.,3 Bedrooms
Sentul Point Suite Apartments 2R2B @ Sentul For Rent,RM 1 700 per month,Sentul,743 sq.ft.,2 Bedrooms
Oug platinum kuchai lama Jalan klang lama near lrt muhibbah,RM 1 400 per month,Kuchai Lama,1200 sq.ft.,3 Bedrooms
Residency Chymes @ Jln Gurney For Rent!!!,RM 2 600 per month,Keramat,995 sq.ft.,2 Bedrooms
"Bukit Jalil , Arena Green Apartment with 3 room",RM 1 050 per month,Bukit Jalil,878 sq.ft.,3 Bedrooms
Bayu Andaman Residensi Partial Furnished Sentul,RM 1 700 per month,Sentul,1000 sq.ft.,3 Bedrooms
[Modern ID] Never Occupied Unit Fully Furnished@ Fera Residence W.Maju,RM 2 800 per month,Wangsa Maju,827 sq.ft.,3 Bedrooms
KL Traders Square Residence (Nearby Setapak),RM 2 200 per month,Gombak,1049 sq.ft.,4 Bedrooms
Nice üí• KLCC High Floor C H E A P üî• Setia Sky Residences,RM 2 900 per month,KLCC,990 sq.ft.,1 Bedroom
New Paint Duplex Dahlia Apartment (Pandan Indah) Ampang Jaya For Rent,RM 1 100 per month,Ampang,782 sq.ft.,3 Bedrooms
NEAR HUKM/ PPUKM Cendana Apartment Bandar Sri Permaisuri Cheras,RM 900 per month,Cheras,670 sq.ft.,3 Bedrooms
Majestic Maxim condo for rent (mrt tmn connaught),RM 1 400 per month,Cheras,650 sq.ft.,2 Bedrooms
Majestic Maxim condo for rent (mrt tmn connaught),RM 1 300 per month,Cheras,650 sq.ft.,2 Bedrooms
Majestic Maxim Cheras,RM 1 400 per month,Cheras,650 sq.ft.,2 Bedrooms
Bare Unit NO Kitchen Cabinet Danau Kota Suite Brand New,RM 1 350 per month,Setapak,829 sq.ft.,3 Bedrooms
Actual Unit (Ascenda Residence) Semi Furnished with Air Cond,RM 1 600 per month,Setapak,908 sq.ft.,3 Bedrooms
Danau Kota Suite FULL FURNISHED DKS Setapak KL,RM 1 900 per month,Setapak,829 sq.ft.,3 Bedrooms
Aliran Damai Flat At Cheras For Rent!,RM 650 per month,Cheras,700 sq.ft.,3 Bedrooms
Menara Duta 2 Condominium Dutamas Segambut Kuala Lumpur KL,RM 1 800 per month,Segambut,1400 sq.ft.,4 Bedrooms
"M Centura fully furnished unit for rent. Move in ASAP, view anytime",RM 1 400 per month,Sentul,850 sq.ft.,3 Bedrooms
"Fully furnished unit @ M Centura Sentul, near KLCC Setapak Titiwangsa",RM 1 500 per month,Sentul,850 sq.ft.,3 Bedrooms
[FULLY FURNISHED] LEGASI Kampung Baru Kuala Lumpur Kemasukan Bulan Mac,RM 3 200 per month,KL City,950 sq.ft.,3 Bedrooms
Unio Residence Kepong Super deal in town ready move in,RM 1 700 per month,Kepong,866 sq.ft.,2 Bedrooms
[BELOW MARKET] Tuan Residency near Boulevard Flexus Savio,RM 1 350 per month,Jalan Kuching,900 sq.ft.,3 Bedrooms
Pangsapuri Cemara for Sewa Cheras,RM 1 200 per month,Cheras,750 sq.ft.,3 Bedrooms
"Best Location! SETIA SKY Residences, Jalan Tun Razak, KLCC",RM 4 000 per month,KLCC,1200 sq.ft.,4 Bedrooms
Delima J Dsa Pandan Near KLCC Fully Furnished,RM 1 400 per month,Desa Pandan,1000 sq.ft.,3 Bedrooms
"350m MRT Connaught, Branded Kitchen Cabinet, Cheaper Than Other Units",RM 1 600 per month,Cheras,650 sq.ft.,2 Bedrooms
"350m To MRT Connaught, 5 Station To TRX, Furnished, Below Market Price",RM 1 500 per month,Cheras,650 sq.ft.,2 Bedrooms
Residensi Pandan Mas 2 Condo Fully Furnished,RM 1 700 per month,Desa Pandan,900 sq.ft.,3 Bedrooms
Flat seksyen wangsa maju untuk disewa!!,RM 1 300 per month,Wangsa Maju,600 sq.ft.,2 Bedrooms
Unio Residence Kepong best deal in town ready move in,RM 1 650 per month,Kepong,866 sq.ft.,2 Bedrooms
Apartment Putra Ria Bangsar Near LRT Mid Valley,RM 1 400 per month,Bangsar,650 sq.ft.,2 Bedrooms
Full furnish Residensi Puchongmas Platinum OUG bukit jalil kinrara,RM 1 400 per month,Puchong,900 sq.ft.,3 Bedrooms
[BELOW MARKET] 28 Mont Kiara @ MK28 Fully Furnish with Modern ID,RM 13 000 per month,Mont Kiara,3000 sq.ft.,4 Bedrooms
[HOT AREA] Fera Lexa Residence Wangsa Maju Kuala Lumpur,RM 2 800 per month,Wangsa Maju,856 sq.ft.,3 Bedrooms
[BELOW MARKET] Sentul Village near Point Maxim Awani Rica,RM 1 450 per month,Sentul,950 sq.ft.,3 Bedrooms
"The Holmes 2, Bandar Tun Razak, Cheras with 3r 2b with 2 Carpark",RM 1 500 per month,Cheras,943 sq.ft.,3 Bedrooms
[BELOW MARKET] Residensi Wangsamas near Hamilton Lexa Fera Seasons,RM 1 450 per month,Wangsa Maju,800 sq.ft.,3 Bedrooms
[BELOW MARKET] M Centura Sentul near Point Awani Maxim,RM 1 250 per month,Sentul,700 sq.ft.,2 Bedrooms
"Arena Green Apt , Bukit Jalil, Pavilion for Rent (Room)",RM 580 per month,Bukit Jalil,200 sq.ft.,3 Bedrooms
"Near to LRT, Monorail and Bus Stop unit available for rent by Feb 2023",RM 1 800 per month,Titiwangsa,635 sq.ft.,1 Bedroom
Titiwangsa Sentral condo near hkl and many transpotation,RM 2 200 per month,Titiwangsa,1100 sq.ft.,3 Bedrooms
Fully furnished unit for rent at Titiwangsa area by Feb 2023 !,RM 1 800 per month,Titiwangsa,635 sq.ft.,1 Bedroom
Nice unit available for rent at Titiwangsa area by Feb 2023 !,RM 1 800 per month,Titiwangsa,635 sq.ft.,1 Bedroom
"The Holmes Bandar Tun Razak Cheras Near Hukm,with 2 carpark.",RM 1 600 per month,Cheras,1018 sq.ft.,3 Bedrooms
"The Holmes 2, Bandar Tun Razak, Cheras. With 3r 2b with 2 Carpark.",RM 1 700 per month,Cheras,1106 sq.ft.,3 Bedrooms
"The Holmes 2, Bandar Tun Razak, Cheras. With 3r 3b with 2 Carpark.",RM 1 800 per month,Cheras,1106 sq.ft.,3 Bedrooms
M CENTURA Residence Condominium For Rent,RM 1 800 per month,Sentul,850 sq.ft.,3 Bedrooms
"CHEAP, SPACIOUS, WITH BALCONY & POOL NEAR LRT Wangsa Maju & Sri Ramp",RM 1 500 per month,Wangsa Maju,1250 sq.ft.,4 Bedrooms
Hot Unit Near Sunway Velocity Sunway Medical AEON Mytown IKEA LRT,RM 700 per month,Cheras,910 sq.ft.,3 Bedrooms
"NEWLY CONDOüî• PV18 Residensi Vista Langkawi Setapak, Kuala Lumpur",RM 1 600 per month,Setapak,926 sq.ft.,3 Bedrooms
Partly Furnish Faber Ria Condo 1050sf 2r2b Taman Desa Mid Valley Kucha,RM 1 400 per month,Taman Desa,1050 sq.ft.,2 Bedrooms
Partly Furnish Rivercity Condo 1275sf 3r2b Jalan Ipoh Kuala Lumpur Lrt,RM 1 300 per month,Jalan Ipoh,1275 sq.ft.,3 Bedrooms
Fully furnish Dorchester Apartment studio 410sf Hartamas Mont Kiara,RM 1 100 per month,Sri Hartamas,410 sq.ft.,1 Bedroom
WALK TO MRT J.Dupion ID DESIGN FULL FURNISH Cheras Velocity J DUPION,RM 3 099 per month,Cheras,1125 sq.ft.,3 Bedrooms
"i-Zen@Kiara 2, 1552 sf, 3+1 Rms, 3 Bths, 2 Carparks",RM 3 500 per month,Mont Kiara,1552 sq.ft.,3 Bedrooms
CHEAP FULLY FURNISH Platinum OUG Residence Bukit Jalil Near LRT,RM 1 799 per month,Kuchai Lama,1200 sq.ft.,3 Bedrooms
UBN Tower KL Golden Triangle,RM 2 100 per month,KLCC,720 sq.ft.,1 Bedroom
New 1 bedroom 750sf Semi or furnished to let,RM 1 800 per month,Sri Damansara,750 sq.ft.,1 Bedroom
Newly refurbished spacious 3+1rooms,RM 3 500 per month,KLCC,1681 sq.ft.,3 Bedrooms
"Sri Kenangan, Wangsa Maju",RM 1 600 per month,Wangsa Maju,1259 sq.ft.,4 Bedrooms
Rampai Court Wangsamaju KL Near LRT Sri Rampai,RM 950 per month,Wangsa Maju,600 sq.ft.,2 Bedrooms
"[Below Market] 2 Rooms + 2 Baths, Anggun Residences, Fully Furnished",RM 3 700 per month,KL City,976 sq.ft.,2 Bedrooms
